date,campaign_name,amount_spent,impressions,clicks,currency
2024-01-01,FB_Video_Awareness_0,78.19757990469566,6752,271,USD
2024-01-02,FB_Video_Awareness_1,409.8359951423786,10852,168,GBP
2024-01-03,FB_Video_Awareness_2,485.5679054204958,11823,88,USD
2024-01-04,FB_Video_Awareness_0,253.76522830175307,7295,317,USD
2024-01-05,FB_Video_Awareness_1,348.7155379817267,5815,282,EUR
2024-01-06,FB_Video_Awareness_2,118.7745013335726,2072,480,EUR
2024-01-07,FB_Video_Awareness_0,302.27784787131657,4225,67,EUR
2024-01-08,FB_Video_Awareness_1,441.8893937258923,14146,198,EUR
2024-01-09,FB_Video_Awareness_2,599.2038553884838,2316,446,USD
2024-01-10,FB_Video_Awareness_0,52.50977153223442,6699,198,GBP
2024-01-11,FB_Video_Awareness_1,400.4830749032394,13337,175,USD
2024-01-12,FB_Video_Awareness_2,272.75215734116165,7807,441,USD
2024-01-13,FB_Video_Awareness_0,689.616366268926,7674,351,USD
2024-01-14,FB_Video_Awareness_1,586.6649864256815,4683,409,EUR
2024-01-15,FB_Video_Awareness_2,491.83140085317115,8227,287,EUR
2024-01-16,FB_Video_Awareness_0,257.94923427258016,4273,184,EUR
2024-01-17,FB_Video_Awareness_1,732.7543265431508,8000,200,GBP
2024-01-18,FB_Video_Awareness_2,83.82550791524238,1145,285,USD
2024-01-19,FB_Video_Awareness_0,132.10069900933638,6010,273,GBP
2024-01-20,FB_Video_Awareness_1,343.722605405267,4040,252,EUR
2024-01-21,FB_Video_Awareness_2,143.32816797264226,10654,305,GBP
2024-01-22,FB_Video_Awareness_0,767.3117731695687,13868,135,USD
2024-01-23,FB_Video_Awareness_1,648.4919916075376,10776,199,USD
2024-01-24,FB_Video_Awareness_2,244.23698870136025,1482,284,EUR
2024-01-25,FB_Video_Awareness_0,491.41567172993405,4179,394,EUR
2024-01-26,FB_Video_Awareness_1,786.7478863100612,2249,71,GBP
2024-01-27,FB_Video_Awareness_2,713.1492335986272,13960,397,EUR
2024-01-28,FB_Video_Awareness_0,500.59883483164856,1630,334,EUR
2024-01-29,FB_Video_Awareness_1,727.7929753814528,9853,318,USD
2024-01-30,FB_Video_Awareness_2,791.8886823600192,12695,307,EUR
2024-01-01,FB_Video_Awareness_0,607.5146171702181,3852,78,EUR
2024-01-02,FB_Video_Awareness_1,98.73980711217052,11658,262,USD
2024-01-03,FB_Video_Awareness_2,351.1851773191156,1987,485,USD
2024-01-04,FB_Video_Awareness_0,678.3693014624341,8622,332,GBP
2024-01-05,FB_Video_Awareness_1,222.92689685376425,8327,99,EUR
2024-01-06,FB_Video_Awareness_2,672.9818883129684,10738,144,USD
2024-01-07,FB_Video_Awareness_0,140.25407152624695,9841,456,GBP
2024-01-08,FB_Video_Awareness_1,85.20901786085975,10160,137,GBP
2024-01-09,FB_Video_Awareness_2,338.06795861843716,11829,93,EUR
2024-01-10,FB_Video_Awareness_0,77.54895306996022,2100,327,EUR
2024-01-11,FB_Video_Awareness_1,767.9526972374942,7652,220,GBP
2024-01-12,FB_Video_Awareness_2,669.6542718454743,9632,470,USD
2024-01-13,FB_Video_Awareness_0,650.5772653474063,8421,238,GBP
2024-01-14,FB_Video_Awareness_1,522.3334422471148,6016,402,EUR
2024-01-15,FB_Video_Awareness_2,212.24301727741513,1769,233,USD
2024-01-16,FB_Video_Awareness_0,438.69527500729413,2343,52,USD
2024-01-17,FB_Video_Awareness_1,497.95555432275575,5358,240,GBP
2024-01-18,FB_Video_Awareness_2,443.77362564520115,12921,167,EUR
2024-01-19,FB_Video_Awareness_0,245.17502596364548,13098,68,GBP
2024-01-20,FB_Video_Awareness_1,436.4359432360444,10769,72,GBP
2024-01-21,FB_Video_Awareness_2,418.3897556514699,7780,462,GBP
2024-01-22,FB_Video_Awareness_0,797.2518318550432,13200,79,USD
2024-01-23,FB_Video_Awareness_1,723.077111034653,7602,344,USD
2024-01-24,FB_Video_Awareness_2,397.53556116171495,14286,157,EUR
2024-01-25,FB_Video_Awareness_0,517.203037201339,12543,416,EUR
2024-01-26,FB_Video_Awareness_1,610.9037030691713,13987,330,GBP
2024-01-27,FB_Video_Awareness_2,76.14887017536869,3349,177,GBP
2024-01-28,FB_Video_Awareness_0,721.1910809208799,12794,278,GBP
2024-01-29,FB_Video_Awareness_1,695.0951123134428,6699,160,EUR
2024-01-30,FB_Video_Awareness_2,393.0740733302805,2241,185,USD
2024-01-01,FB_Video_Awareness_0,343.3773245602848,2125,411,USD
2024-01-02,FB_Video_Awareness_1,254.7195311422362,11793,235,GBP
2024-01-03,FB_Video_Awareness_2,407.5076212477763,10382,193,GBP
2024-01-04,FB_Video_Awareness_0,83.28249764992758,7764,121,GBP
2024-01-05,FB_Video_Awareness_1,689.1451500102559,6101,178,GBP
2024-01-06,FB_Video_Awareness_2,76.5667763139088,13323,413,EUR
2024-01-07,FB_Video_Awareness_0,296.78852402740324,14031,310,USD
2024-01-08,FB_Video_Awareness_1,748.6921162392424,13640,52,GBP
2024-01-09,FB_Video_Awareness_2,601.4094908925896,8843,498,EUR
2024-01-10,FB_Video_Awareness_0,261.04322043314505,1072,437,GBP
2024-01-11,FB_Video_Awareness_1,239.48682047066382,6472,153,GBP
2024-01-12,FB_Video_Awareness_2,53.81160486351948,11106,273,USD
2024-01-13,FB_Video_Awareness_0,571.7857196373126,6189,369,GBP
2024-01-14,FB_Video_Awareness_1,86.58768625487983,3472,411,USD
2024-01-15,FB_Video_Awareness_2,449.4518895505716,12238,403,USD
2024-01-16,FB_Video_Awareness_0,771.5914794440373,1707,59,USD
2024-01-17,FB_Video_Awareness_1,132.10164504084042,2804,454,EUR
2024-01-18,FB_Video_Awareness_2,720.8599482260506,7704,433,EUR
2024-01-19,FB_Video_Awareness_0,793.6065013587861,4713,351,USD
2024-01-20,FB_Video_Awareness_1,96.13776967942628,6051,280,GBP
2024-01-21,FB_Video_Awareness_2,712.1797018530959,11756,268,USD
2024-01-22,FB_Video_Awareness_0,437.05926533271247,3475,460,GBP
2024-01-23,FB_Video_Awareness_1,729.885289583435,4610,115,USD
2024-01-24,FB_Video_Awareness_2,478.4892064396806,5255,474,GBP
2024-01-25,FB_Video_Awareness_0,546.5840075799235,12015,161,EUR
2024-01-26,FB_Video_Awareness_1,457.8341809980494,8397,62,GBP
2024-01-27,FB_Video_Awareness_2,698.3696602305114,2735,442,USD
2024-01-28,FB_Video_Awareness_0,600.4324392152763,10777,469,EUR
2024-01-29,FB_Video_Awareness_1,440.9452341353112,9258,135,GBP
2024-01-30,FB_Video_Awareness_2,701.1206030386602,12253,283,GBP
2024-01-01,FB_Video_Awareness_0,233.96414919150092,8979,139,GBP
2024-01-02,FB_Video_Awareness_1,168.00549477689447,3428,363,GBP
2024-01-03,FB_Video_Awareness_2,170.30007899755407,13345,103,GBP
2024-01-04,FB_Video_Awareness_0,300.50665905892845,8426,61,EUR
2024-01-05,FB_Video_Awareness_1,229.01752347576314,9533,258,EUR
2024-01-06,FB_Video_Awareness_2,747.567762882304,6249,63,EUR
2024-01-07,FB_Video_Awareness_0,129.37557037143802,11966,170,EUR
2024-01-08,FB_Video_Awareness_1,574.2430535296908,6291,467,USD
2024-01-09,FB_Video_Awareness_2,191.9161548387544,3817,486,EUR
2024-01-10,FB_Video_Awareness_0,711.2278495777626,11853,426,GBP
2024-01-11,FB_Video_Awareness_1,,10424,69,GBP
2024-01-12,FB_Video_Awareness_2,,4874,124,EUR
2024-01-13,FB_Video_Awareness_0,,11593,449,GBP
2024-01-14,FB_Video_Awareness_1,,10686,292,EUR
2024-01-15,FB_Video_Awareness_2,,5211,272,GBP
2024-01-16,FB_Video_Awareness_0,,1661,119,USD
2024-01-17,FB_Video_Awareness_1,,13075,361,USD
2024-01-18,FB_Video_Awareness_2,,14753,260,EUR
2024-01-19,FB_Video_Awareness_0,,12811,150,EUR
2024-01-20,FB_Video_Awareness_1,,11060,235,EUR
2024-01-21,FB_Video_Awareness_2,,11526,181,GBP
2024-01-22,FB_Video_Awareness_0,194.8496484404698,4374,160,EUR
2024-01-23,FB_Video_Awareness_1,113.07366835098848,10208,430,USD
2024-01-24,FB_Video_Awareness_2,294.82518237746973,13598,181,GBP
2024-01-25,FB_Video_Awareness_0,469.8832342316221,1207,69,EUR
2024-01-26,FB_Video_Awareness_1,136.88289258519325,3665,443,GBP
2024-01-27,FB_Video_Awareness_2,332.5215214900991,3493,73,GBP
2024-01-28,FB_Video_Awareness_0,56.80430348954372,7813,276,EUR
2024-01-29,FB_Video_Awareness_1,664.0095653748813,1632,203,GBP
2024-01-30,FB_Video_Awareness_2,146.33653856989352,11294,342,USD
2024-01-01,FB_Video_Awareness_0,262.5072111991862,12151,279,USD
2024-01-02,FB_Video_Awareness_1,63.820789053663106,4083,359,GBP
2024-01-03,FB_Video_Awareness_2,374.1805879193842,13944,408,EUR
2024-01-04,FB_Video_Awareness_0,680.0911270559141,14711,454,GBP
2024-01-05,FB_Video_Awareness_1,344.11340858389747,11123,251,USD
2024-01-06,FB_Video_Awareness_2,184.62299256787506,4719,87,GBP
2024-01-07,FB_Video_Awareness_0,615.2741255378894,8123,479,GBP
2024-01-08,FB_Video_Awareness_1,641.6052364030583,11754,309,USD
2024-01-09,FB_Video_Awareness_2,180.3151064806751,2679,237,GBP
2024-01-10,FB_Video_Awareness_0,628.1405814057423,1236,106,GBP
2024-01-11,FB_Video_Awareness_1,760.4734161922535,8446,478,EUR
2024-01-12,FB_Video_Awareness_2,174.78319019920426,5443,69,EUR
2024-01-13,FB_Video_Awareness_0,628.2382193991017,7770,322,USD
2024-01-14,FB_Video_Awareness_1,581.429003451972,13917,168,USD
2024-01-15,FB_Video_Awareness_2,405.1804163263164,10732,120,USD
2024-01-16,FB_Video_Awareness_0,93.44034541909872,7099,53,EUR
2024-01-17,FB_Video_Awareness_1,106.02081331839051,13135,270,USD
2024-01-18,FB_Video_Awareness_2,689.3109943989857,14559,63,USD
2024-01-19,FB_Video_Awareness_0,792.6112795629853,9555,52,USD
2024-01-20,FB_Video_Awareness_1,557.0391928900658,3368,265,EUR
2024-01-21,FB_Video_Awareness_2,384.4687302577411,1285,278,GBP
2024-01-22,FB_Video_Awareness_0,535.6802325514307,1148,385,USD
2024-01-23,FB_Video_Awareness_1,495.796894421409,14395,235,GBP
2024-01-24,FB_Video_Awareness_2,337.70919530421634,5037,104,USD
2024-01-25,FB_Video_Awareness_0,99.21960843050971,7549,437,GBP
2024-01-26,FB_Video_Awareness_1,666.1347105555807,8121,425,EUR
2024-01-27,FB_Video_Awareness_2,328.87514692904347,13743,303,EUR
2024-01-28,FB_Video_Awareness_0,664.0892325178203,10958,73,USD
2024-01-29,FB_Video_Awareness_1,239.38156226628666,5895,211,GBP
2024-01-30,FB_Video_Awareness_2,50.772109884225046,6280,207,EUR
2024-01-01,FB_Video_Awareness_0,169.2037124575674,2012,131,USD
2024-01-02,FB_Video_Awareness_1,401.40456257643825,12023,452,USD
2024-01-03,FB_Video_Awareness_2,758.2277262183724,11699,208,EUR
2024-01-04,FB_Video_Awareness_0,126.64521477028924,10715,237,EUR
2024-01-05,FB_Video_Awareness_1,690.6573308461745,3785,109,USD
2024-01-06,FB_Video_Awareness_2,445.2680721588966,11748,452,GBP
2024-01-07,FB_Video_Awareness_0,669.4405743499225,4725,354,GBP
2024-01-08,FB_Video_Awareness_1,273.7808232424944,5576,368,GBP
2024-01-09,FB_Video_Awareness_2,679.9603735043539,6782,415,USD
2024-01-10,FB_Video_Awareness_0,629.6170850126034,7257,260,EUR
2024-01-11,FB_Video_Awareness_1,222.54026227357545,10793,455,USD
2024-01-12,FB_Video_Awareness_2,148.50134480703355,3408,201,EUR
2024-01-13,FB_Video_Awareness_0,701.0407418992196,1340,158,GBP
2024-01-14,FB_Video_Awareness_1,772.4274900800989,3817,125,GBP
2024-01-15,FB_Video_Awareness_2,73.47673531063718,3496,79,EUR
2024-01-16,FB_Video_Awareness_0,598.4525502302641,6962,363,EUR
2024-01-17,FB_Video_Awareness_1,732.1433832108638,14122,166,USD
2024-01-18,FB_Video_Awareness_2,693.020069069374,6299,464,GBP
2024-01-19,FB_Video_Awareness_0,773.3903542026565,10917,405,USD
2024-01-20,FB_Video_Awareness_1,620.0705588285729,8574,241,USD
2024-01-21,FB_Video_Awareness_2,381.72407178568267,2689,68,USD
2024-01-22,FB_Video_Awareness_0,283.96399287134784,4267,481,GBP
2024-01-23,FB_Video_Awareness_1,290.5570553285956,5406,222,USD
2024-01-24,FB_Video_Awareness_2,593.3170044605878,9453,277,USD
2024-01-25,FB_Video_Awareness_0,609.3777590232232,2442,399,USD
2024-01-26,FB_Video_Awareness_1,200.26935766153449,9597,232,USD
2024-01-27,FB_Video_Awareness_2,701.0921101178983,11382,162,USD
2024-01-28,FB_Video_Awareness_0,586.1930301516858,5437,232,USD
2024-01-29,FB_Video_Awareness_1,472.062714757537,6435,195,GBP
2024-01-30,FB_Video_Awareness_2,403.6493450768845,9435,368,USD
2024-01-01,FB_Video_Awareness_0,457.4246043424686,13777,165,EUR
2024-01-02,FB_Video_Awareness_1,169.43430370944836,5107,162,USD
2024-01-03,FB_Video_Awareness_2,202.77593695720566,1560,300,USD
2024-01-04,FB_Video_Awareness_0,118.37336780464376,13329,300,GBP
2024-01-05,FB_Video_Awareness_1,165.24352862083452,11917,352,GBP
2024-01-06,FB_Video_Awareness_2,390.270225953962,9785,362,EUR
2024-01-07,FB_Video_Awareness_0,447.7657952961921,6548,167,EUR
2024-01-08,FB_Video_Awareness_1,63.39641935873953,2826,350,GBP
2024-01-09,FB_Video_Awareness_2,647.5983708980207,12421,210,GBP
2024-01-10,FB_Video_Awareness_0,270.6259800076084,12479,450,USD
2024-01-11,FB_Video_Awareness_1,733.8770262199333,13265,247,GBP
2024-01-12,FB_Video_Awareness_2,775.6334477103333,14981,309,EUR
2024-01-13,FB_Video_Awareness_0,189.09415600749077,8629,197,USD
2024-01-14,FB_Video_Awareness_1,396.57296807424547,9325,289,EUR
2024-01-15,FB_Video_Awareness_2,50.923876374819415,4138,96,USD
2024-01-16,FB_Video_Awareness_0,498.74544884182023,13111,448,GBP
2024-01-17,FB_Video_Awareness_1,505.4798361970034,14235,247,EUR
2024-01-18,FB_Video_Awareness_2,235.65496670253137,8693,96,USD
2024-01-19,FB_Video_Awareness_0,468.80950443739846,9264,127,USD
2024-01-20,FB_Video_Awareness_1,219.15510683280158,13686,173,GBP
2024-01-21,FB_Video_Awareness_2,170.61910180864254,14716,124,GBP
2024-01-22,FB_Video_Awareness_0,538.6396001016985,8842,408,GBP
2024-01-23,FB_Video_Awareness_1,294.44409796405614,7721,186,EUR
2024-01-24,FB_Video_Awareness_2,492.69795416421687,8002,139,USD
2024-01-25,FB_Video_Awareness_0,374.9350617287417,5225,449,GBP
2024-01-26,FB_Video_Awareness_1,788.263555552178,3978,374,EUR
2024-01-27,FB_Video_Awareness_2,162.1854820006743,8373,110,EUR
2024-01-28,FB_Video_Awareness_0,398.4489474768576,6907,187,EUR
2024-01-29,FB_Video_Awareness_1,560.342469769494,7097,99,GBP
2024-01-30,FB_Video_Awareness_2,346.6588129099765,13553,308,GBP
2024-01-01,FB_Video_Awareness_0,781.0248889030174,6656,156,USD
2024-01-02,FB_Video_Awareness_1,591.4157209452013,11177,162,USD
2024-01-03,FB_Video_Awareness_2,542.7378931733698,9984,399,GBP
2024-01-04,FB_Video_Awareness_0,617.7944507084175,14600,303,EUR
2024-01-05,FB_Video_Awareness_1,764.4864785290378,5259,167,EUR
2024-01-06,FB_Video_Awareness_2,730.8639897384801,9286,247,EUR
2024-01-07,FB_Video_Awareness_0,593.2139810948089,6901,386,USD
2024-01-08,FB_Video_Awareness_1,611.8712293259623,10325,414,EUR
2024-01-09,FB_Video_Awareness_2,159.44155552635908,5917,100,USD
2024-01-10,FB_Video_Awareness_0,127.09430336949927,9429,294,USD
2024-01-11,FB_Video_Awareness_1,478.17837638312324,12138,452,EUR
2024-01-12,FB_Video_Awareness_2,63.775727705405004,3530,475,EUR
2024-01-13,FB_Video_Awareness_0,411.76728616369365,2960,84,GBP
2024-01-14,FB_Video_Awareness_1,207.76218493915144,8045,351,GBP
2024-01-15,FB_Video_Awareness_2,309.5124257336297,2048,459,EUR
2024-01-16,FB_Video_Awareness_0,631.853551844717,6772,118,USD
2024-01-17,FB_Video_Awareness_1,755.9281281742899,3529,398,USD
2024-01-18,FB_Video_Awareness_2,104.31220410975612,3964,369,USD
2024-01-19,FB_Video_Awareness_0,450.68165448233384,8137,470,USD
2024-01-20,FB_Video_Awareness_1,711.9001143647,1963,98,USD
2024-01-21,FB_Video_Awareness_2,111.88140083031595,1536,454,GBP
2024-01-22,FB_Video_Awareness_0,668.3855351726254,14891,123,EUR
2024-01-23,FB_Video_Awareness_1,318.35101319620355,8340,241,GBP
2024-01-24,FB_Video_Awareness_2,291.5710266645015,8179,310,USD
2024-01-25,FB_Video_Awareness_0,783.0997897360893,8967,405,USD
2024-01-26,FB_Video_Awareness_1,200.64431739672062,13415,119,USD
2024-01-27,FB_Video_Awareness_2,569.8954556170107,12871,139,USD
2024-01-28,FB_Video_Awareness_0,666.0805460073998,13379,309,EUR
2024-01-29,FB_Video_Awareness_1,80.88762145945375,12916,175,USD
2024-01-30,FB_Video_Awareness_2,552.7890937658092,9734,280,EUR
2024-01-01,FB_Video_Awareness_0,763.6624807664953,1845,344,USD
2024-01-02,FB_Video_Awareness_1,143.1649750460445,12795,468,EUR
2024-01-03,FB_Video_Awareness_2,722.1659770137787,6777,178,GBP
2024-01-04,FB_Video_Awareness_0,496.08247803270206,4036,329,USD
2024-01-05,FB_Video_Awareness_1,512.4534363968555,6947,362,EUR
2024-01-06,FB_Video_Awareness_2,509.70813114920446,3494,149,GBP
2024-01-07,FB_Video_Awareness_0,274.1269147529854,13677,375,USD
2024-01-08,FB_Video_Awareness_1,751.4013614745948,3719,346,USD
2024-01-09,FB_Video_Awareness_2,760.512846973279,2884,231,USD
2024-01-10,FB_Video_Awareness_0,518.9784951604609,13330,223,EUR
2024-01-11,FB_Video_Awareness_1,637.567044456211,5349,365,EUR
2024-01-12,FB_Video_Awareness_2,509.1934894108685,12393,413,GBP
2024-01-13,FB_Video_Awareness_0,413.29883568053043,6179,237,EUR
2024-01-14,FB_Video_Awareness_1,545.615088724438,11902,106,EUR
2024-01-15,FB_Video_Awareness_2,464.75108944396885,7610,80,USD
2024-01-16,FB_Video_Awareness_0,498.1068969739476,7430,133,USD
2024-01-17,FB_Video_Awareness_1,637.8744150641464,8154,201,USD
2024-01-18,FB_Video_Awareness_2,410.67787358673866,14828,85,USD
2024-01-19,FB_Video_Awareness_0,80.56557956935457,11145,262,USD
2024-01-20,FB_Video_Awareness_1,172.9996107421229,7488,463,USD
2024-01-21,FB_Video_Awareness_2,378.95541236715377,5737,457,USD
2024-01-22,FB_Video_Awareness_0,593.6199199055437,7525,413,GBP
2024-01-23,FB_Video_Awareness_1,494.95898623263406,4850,155,GBP
2024-01-24,FB_Video_Awareness_2,537.7206394050904,1689,463,GBP
2024-01-25,FB_Video_Awareness_0,409.4591964322155,14564,391,GBP
2024-01-26,FB_Video_Awareness_1,511.8065164566821,11142,269,USD
2024-01-27,FB_Video_Awareness_2,296.76307836099664,6175,440,GBP
2024-01-28,FB_Video_Awareness_0,402.6369445224988,14774,212,USD
2024-01-29,FB_Video_Awareness_1,608.2092991962166,9648,488,GBP
2024-01-30,FB_Video_Awareness_2,703.8745842298408,6078,269,EUR
2024-01-01,FB_Video_Awareness_0,375.24150046729164,11322,319,GBP
2024-01-02,FB_Video_Awareness_1,82.7462432805209,13168,169,GBP
2024-01-03,FB_Video_Awareness_2,171.254408110102,14410,443,USD
2024-01-04,FB_Video_Awareness_0,65.64585446865357,13436,385,GBP
2024-01-05,FB_Video_Awareness_1,539.9472644279977,6448,449,EUR
2024-01-06,FB_Video_Awareness_2,299.2359690163317,2179,231,USD
2024-01-07,FB_Video_Awareness_0,456.8589767895256,13477,155,USD
2024-01-08,FB_Video_Awareness_1,419.95763508784967,12757,266,GBP
2024-01-09,FB_Video_Awareness_2,111.14486716432002,10074,254,USD
2024-01-10,FB_Video_Awareness_0,352.44602084287385,7406,119,USD
2024-01-11,FB_Video_Awareness_1,215.42084369174245,9591,93,USD
2024-01-12,FB_Video_Awareness_2,363.79984150073955,7907,378,USD
2024-01-13,FB_Video_Awareness_0,202.68371025668202,9800,350,USD
2024-01-14,FB_Video_Awareness_1,680.3393047077002,2638,277,USD
2024-01-15,FB_Video_Awareness_2,180.64500243369022,6671,233,EUR
2024-01-16,FB_Video_Awareness_0,770.5854136152327,7928,156,GBP
2024-01-17,FB_Video_Awareness_1,361.9305246102056,11340,133,EUR
2024-01-18,FB_Video_Awareness_2,684.683969014287,2382,387,USD
2024-01-19,FB_Video_Awareness_0,521.5736136544588,2403,299,USD
2024-01-20,FB_Video_Awareness_1,601.5127239993145,10011,412,GBP
2024-01-21,FB_Video_Awareness_2,625.7929160500852,4292,490,EUR
2024-01-22,FB_Video_Awareness_0,428.63366141976337,10011,70,GBP
2024-01-23,FB_Video_Awareness_1,457.4753925224663,1419,245,EUR
2024-01-24,FB_Video_Awareness_2,435.49690085654373,13411,227,USD
2024-01-25,FB_Video_Awareness_0,491.0437835675594,5517,466,GBP
2024-01-26,FB_Video_Awareness_1,72.04583431738047,4302,56,GBP
2024-01-27,FB_Video_Awareness_2,346.6363773867614,8857,119,USD
2024-01-28,FB_Video_Awareness_0,504.6415351708787,10700,176,GBP
2024-01-29,FB_Video_Awareness_1,498.2926739418983,8870,448,EUR
2024-01-30,FB_Video_Awareness_2,644.7170709542237,6693,209,EUR
2024-01-01,FB_Video_Awareness_0,541.2570041240814,1767,297,EUR
2024-01-02,FB_Video_Awareness_1,794.0999872555043,3044,252,EUR
2024-01-03,FB_Video_Awareness_2,262.8908964564838,11331,197,USD
2024-01-04,FB_Video_Awareness_0,319.3632722496736,12221,192,GBP
2024-01-05,FB_Video_Awareness_1,337.8853639008472,2549,481,EUR
2024-01-06,FB_Video_Awareness_2,399.3596052651864,10956,248,USD
2024-01-07,FB_Video_Awareness_0,676.9985478359071,7140,454,GBP
2024-01-08,FB_Video_Awareness_1,226.8440704694074,11837,475,GBP
2024-01-09,FB_Video_Awareness_2,632.0001552765722,4716,203,USD
2024-01-10,FB_Video_Awareness_0,353.98263731430757,13797,425,USD
2024-01-11,FB_Video_Awareness_1,501.3915377465064,14494,433,EUR
2024-01-12,FB_Video_Awareness_2,524.4053999197296,5481,191,GBP
2024-01-13,FB_Video_Awareness_0,329.63647789170085,14885,362,GBP
2024-01-14,FB_Video_Awareness_1,434.46140390435386,8898,214,USD
2024-01-15,FB_Video_Awareness_2,359.77338098577275,7548,363,GBP
2024-01-16,FB_Video_Awareness_0,101.84958963996459,3293,70,EUR
2024-01-17,FB_Video_Awareness_1,377.8740416126199,5837,131,GBP
2024-01-18,FB_Video_Awareness_2,123.04504441516413,8758,118,USD
2024-01-19,FB_Video_Awareness_0,353.76559931024116,11900,180,USD
2024-01-20,FB_Video_Awareness_1,494.6887998738364,7793,136,EUR
2024-01-21,FB_Video_Awareness_2,484.5611745076256,8638,267,EUR
2024-01-22,FB_Video_Awareness_0,546.9659592562402,8993,470,GBP
2024-01-23,FB_Video_Awareness_1,121.44613096596972,7007,354,GBP
2024-01-24,FB_Video_Awareness_2,539.0924341478284,6542,452,USD
2024-01-25,FB_Video_Awareness_0,284.1110425223353,10092,420,EUR
2024-01-26,FB_Video_Awareness_1,349.2844596028333,12276,394,EUR
2024-01-27,FB_Video_Awareness_2,693.4896904420293,7356,390,EUR
2024-01-28,FB_Video_Awareness_0,56.77280309716269,11201,433,GBP
2024-01-29,FB_Video_Awareness_1,491.3094750054541,9433,445,EUR
2024-01-30,FB_Video_Awareness_2,499.03548507508066,8380,494,USD
2024-01-01,FB_Video_Awareness_0,347.4948322576715,3385,474,USD
2024-01-02,FB_Video_Awareness_1,227.77089283125213,5268,210,GBP
2024-01-03,FB_Video_Awareness_2,226.0055286961633,1671,227,GBP
2024-01-04,FB_Video_Awareness_0,712.7822522455645,1163,166,EUR
2024-01-05,FB_Video_Awareness_1,381.51828033714315,9656,245,GBP
2024-01-06,FB_Video_Awareness_2,298.16702224187895,12234,432,USD
2024-01-07,FB_Video_Awareness_0,386.5831803735523,5592,376,EUR
2024-01-08,FB_Video_Awareness_1,552.042801094521,5795,135,USD
2024-01-09,FB_Video_Awareness_2,159.31742618356378,11634,338,EUR
2024-01-10,FB_Video_Awareness_0,387.07537641030325,5798,130,GBP
2024-01-11,FB_Video_Awareness_1,490.9132783327902,7036,201,EUR
2024-01-12,FB_Video_Awareness_2,761.4375161385753,3355,110,EUR
2024-01-13,FB_Video_Awareness_0,239.39583655656443,6887,110,USD
2024-01-14,FB_Video_Awareness_1,319.43806093718416,13470,403,USD
2024-01-15,FB_Video_Awareness_2,334.51894244181784,13916,77,EUR
2024-01-16,FB_Video_Awareness_0,504.15361823366214,8961,491,GBP
2024-01-17,FB_Video_Awareness_1,317.54903978000124,11749,92,GBP
2024-01-18,FB_Video_Awareness_2,450.1339439747717,6827,218,USD
2024-01-19,FB_Video_Awareness_0,636.342747383772,9737,472,GBP
2024-01-20,FB_Video_Awareness_1,579.0391955841527,14875,135,USD
2024-01-21,FB_Video_Awareness_2,384.7764848844392,5719,226,GBP
2024-01-22,FB_Video_Awareness_0,698.1621332556267,13027,66,EUR
2024-01-23,FB_Video_Awareness_1,468.60518719539715,1593,147,USD
2024-01-24,FB_Video_Awareness_2,454.9293796266594,5839,247,USD
2024-01-25,FB_Video_Awareness_0,75.64082445436864,8394,147,EUR
2024-01-26,FB_Video_Awareness_1,790.0197352678712,12996,114,USD
2024-01-27,FB_Video_Awareness_2,142.22810639722005,10651,379,GBP
2024-01-28,FB_Video_Awareness_0,223.34818432073496,4493,390,GBP
2024-01-29,FB_Video_Awareness_1,88.77262793114522,11793,54,USD
2024-01-30,FB_Video_Awareness_2,530.0022251276853,7164,51,GBP
2024-01-01,FB_Video_Awareness_0,218.52588272951,11636,71,USD
2024-01-02,FB_Video_Awareness_1,185.00782810454263,3672,161,EUR
2024-01-03,FB_Video_Awareness_2,116.41668816743105,5200,106,USD
2024-01-04,FB_Video_Awareness_0,127.48171784301175,1016,115,EUR
2024-01-05,FB_Video_Awareness_1,488.50302533194156,4191,379,GBP
2024-01-06,FB_Video_Awareness_2,566.1558993999466,1392,147,EUR
2024-01-07,FB_Video_Awareness_0,348.0342413483008,9616,193,GBP
2024-01-08,FB_Video_Awareness_1,409.92281119405493,7272,417,USD
2024-01-09,FB_Video_Awareness_2,564.4758019872381,1571,484,GBP
2024-01-10,FB_Video_Awareness_0,63.034842639109726,4631,174,USD
2024-01-11,FB_Video_Awareness_1,292.3479928027089,7172,216,USD
2024-01-12,FB_Video_Awareness_2,779.8233110527598,10312,135,EUR
2024-01-13,FB_Video_Awareness_0,485.08417227160106,8177,125,EUR
2024-01-14,FB_Video_Awareness_1,240.66843492311995,9433,393,EUR
2024-01-15,FB_Video_Awareness_2,441.29753497715984,4897,473,EUR
2024-01-16,FB_Video_Awareness_0,306.9901160906865,13287,343,GBP
2024-01-17,FB_Video_Awareness_1,449.18374161972434,9123,493,GBP
2024-01-18,FB_Video_Awareness_2,144.30613385498663,3279,108,GBP
2024-01-19,FB_Video_Awareness_0,149.53599036445803,9980,187,USD
2024-01-20,FB_Video_Awareness_1,157.65677152954464,8451,148,GBP
2024-01-21,FB_Video_Awareness_2,754.8648439451313,9906,241,GBP
2024-01-22,FB_Video_Awareness_0,599.6741887560064,14046,292,GBP
2024-01-23,FB_Video_Awareness_1,171.78642099674067,12041,368,EUR
2024-01-24,FB_Video_Awareness_2,191.2618128242011,1775,98,GBP
2024-01-25,FB_Video_Awareness_0,598.1221061531572,13218,497,USD
2024-01-26,FB_Video_Awareness_1,167.12288359413046,7869,81,EUR
2024-01-27,FB_Video_Awareness_2,225.9209700011215,3247,440,USD
2024-01-28,FB_Video_Awareness_0,772.5101246152992,8088,326,GBP
2024-01-29,FB_Video_Awareness_1,241.4798935463239,1078,69,EUR
2024-01-30,FB_Video_Awareness_2,546.2242627783601,9080,203,USD
2024-01-01,FB_Video_Awareness_0,783.9734655503978,8099,432,GBP
2024-01-02,FB_Video_Awareness_1,330.7225753548445,4926,117,USD
2024-01-03,FB_Video_Awareness_2,63.13699314654668,10047,415,USD
2024-01-04,FB_Video_Awareness_0,233.1104678167807,8340,421,USD
2024-01-05,FB_Video_Awareness_1,673.157893506279,14727,263,GBP
2024-01-06,FB_Video_Awareness_2,698.4566269662776,8083,192,GBP
2024-01-07,FB_Video_Awareness_0,626.3895233928434,7230,425,USD
2024-01-08,FB_Video_Awareness_1,134.83236430742977,11340,281,EUR
2024-01-09,FB_Video_Awareness_2,646.6327787723023,10223,262,EUR
2024-01-10,FB_Video_Awareness_0,739.0083477451282,5940,128,GBP
2024-01-11,FB_Video_Awareness_1,500.45715690967705,4271,263,GBP
2024-01-12,FB_Video_Awareness_2,755.6565172535486,12768,165,GBP
2024-01-13,FB_Video_Awareness_0,670.1291627839081,13374,141,GBP
2024-01-14,FB_Video_Awareness_1,550.2286377431805,4456,319,GBP
2024-01-15,FB_Video_Awareness_2,482.8889275338111,8788,460,EUR
2024-01-16,FB_Video_Awareness_0,311.4302504314779,12698,430,GBP
2024-01-17,FB_Video_Awareness_1,169.46558393210387,9599,217,USD
2024-01-18,FB_Video_Awareness_2,503.7154420179056,8650,107,USD
2024-01-19,FB_Video_Awareness_0,288.5836652135896,3711,333,EUR
2024-01-20,FB_Video_Awareness_1,699.829000645734,12280,75,USD
2024-01-21,FB_Video_Awareness_2,795.0027030189714,2668,418,EUR
2024-01-22,FB_Video_Awareness_0,614.3208219616794,1147,496,EUR
2024-01-23,FB_Video_Awareness_1,117.86127146528806,7420,115,USD
2024-01-24,FB_Video_Awareness_2,266.51419664797857,13519,458,GBP
2024-01-25,FB_Video_Awareness_0,131.83222382431228,13089,297,USD
2024-01-26,FB_Video_Awareness_1,537.8837358437868,11142,303,USD
2024-01-27,FB_Video_Awareness_2,623.8931484168385,1365,436,EUR
2024-01-28,FB_Video_Awareness_0,744.2561231605339,10866,93,USD
2024-01-29,FB_Video_Awareness_1,378.62925980899075,5531,146,EUR
2024-01-30,FB_Video_Awareness_2,726.0317371913333,13686,91,GBP
2024-01-01,FB_Video_Awareness_0,708.4183692809956,6330,276,GBP
2024-01-02,FB_Video_Awareness_1,287.896787574049,6510,311,GBP
2024-01-03,FB_Video_Awareness_2,701.6754691554282,11738,216,USD
2024-01-04,FB_Video_Awareness_0,331.7541889112949,9754,485,EUR
2024-01-05,FB_Video_Awareness_1,272.6519559202106,12754,328,GBP
2024-01-06,FB_Video_Awareness_2,536.8059940957949,11681,138,EUR
2024-01-07,FB_Video_Awareness_0,296.2859209138108,14572,428,EUR
2024-01-08,FB_Video_Awareness_1,522.6565612468581,9964,227,GBP
2024-01-09,FB_Video_Awareness_2,507.3738541240209,7493,476,GBP
2024-01-10,FB_Video_Awareness_0,472.5791955113441,11229,452,EUR
2024-01-11,FB_Video_Awareness_1,335.31477817459825,12615,246,GBP
2024-01-12,FB_Video_Awareness_2,461.37479123860754,11759,356,EUR
2024-01-13,FB_Video_Awareness_0,497.3641062390662,6439,316,EUR
2024-01-14,FB_Video_Awareness_1,459.26516637160506,10765,317,GBP
2024-01-15,FB_Video_Awareness_2,383.31458956340117,12886,123,USD
2024-01-16,FB_Video_Awareness_0,61.000292784697855,14279,57,GBP
2024-01-17,FB_Video_Awareness_1,490.29628077586324,7511,457,USD
2024-01-18,FB_Video_Awareness_2,176.33328885703975,12483,346,EUR
2024-01-19,FB_Video_Awareness_0,531.9319767103922,8504,213,EUR
2024-01-20,FB_Video_Awareness_1,619.5082459421495,2246,134,USD
2024-01-21,FB_Video_Awareness_2,425.3339818480561,12911,121,EUR
2024-01-22,FB_Video_Awareness_0,456.7727487348037,4839,104,USD
2024-01-23,FB_Video_Awareness_1,763.6089197494933,9551,442,USD
2024-01-24,FB_Video_Awareness_2,685.3755210294306,14208,96,EUR
2024-01-25,FB_Video_Awareness_0,735.6773869636024,3376,448,USD
2024-01-26,FB_Video_Awareness_1,660.3247162396898,4009,481,GBP
2024-01-27,FB_Video_Awareness_2,131.68875638504858,12185,287,GBP
2024-01-28,FB_Video_Awareness_0,161.74389197764603,10154,153,EUR
2024-01-29,FB_Video_Awareness_1,444.9678479517197,12824,259,EUR
2024-01-30,FB_Video_Awareness_2,234.55224409849868,2827,91,USD
2024-01-01,FB_Video_Awareness_0,407.5216062808694,7979,365,USD
2024-01-02,FB_Video_Awareness_1,345.77399286376266,10805,317,USD
2024-01-03,FB_Video_Awareness_2,462.06067882284003,10832,435,USD
2024-01-04,FB_Video_Awareness_0,610.156787101867,11408,312,GBP
2024-01-05,FB_Video_Awareness_1,586.6181803244558,13504,385,GBP
2024-01-06,FB_Video_Awareness_2,440.92559936400073,9569,436,EUR
2024-01-07,FB_Video_Awareness_0,666.7950641127935,13406,414,USD
2024-01-08,FB_Video_Awareness_1,373.146568653525,5285,308,USD
2024-01-09,FB_Video_Awareness_2,722.5357173800918,7910,332,EUR
2024-01-10,FB_Video_Awareness_0,103.46020254137292,9561,163,USD
2024-01-11,FB_Video_Awareness_1,765.9950225249806,3196,412,USD
2024-01-12,FB_Video_Awareness_2,541.0198110735112,4747,89,USD
2024-01-13,FB_Video_Awareness_0,335.05588170290395,9843,466,USD
2024-01-14,FB_Video_Awareness_1,197.86559492965802,6978,269,USD
2024-01-15,FB_Video_Awareness_2,409.38742208269997,6607,178,EUR
2024-01-16,FB_Video_Awareness_0,195.91874238897574,1769,57,USD
2024-01-17,FB_Video_Awareness_1,174.7487058073566,11613,150,EUR
2024-01-18,FB_Video_Awareness_2,513.0138180597307,1780,465,USD
2024-01-19,FB_Video_Awareness_0,442.31354343633853,10908,429,GBP
2024-01-20,FB_Video_Awareness_1,552.5720259582063,7303,225,GBP
2024-01-21,FB_Video_Awareness_2,747.2044080664919,4983,156,GBP
2024-01-22,FB_Video_Awareness_0,449.1951600042801,10503,150,GBP
2024-01-23,FB_Video_Awareness_1,485.6990399470983,12551,309,EUR
2024-01-24,FB_Video_Awareness_2,117.21975436620659,14537,415,EUR
2024-01-25,FB_Video_Awareness_0,588.2268394314722,9714,295,USD
2024-01-26,FB_Video_Awareness_1,349.92890510311713,1521,324,GBP
2024-01-27,FB_Video_Awareness_2,782.5439289969341,14070,81,EUR
2024-01-28,FB_Video_Awareness_0,667.3805116967452,11512,186,USD
2024-01-29,FB_Video_Awareness_1,441.86078038708877,10127,61,USD
2024-01-30,FB_Video_Awareness_2,142.41699062912454,8569,444,EUR
2024-01-01,FB_Video_Awareness_0,694.5618449604418,11422,351,GBP
2024-01-02,FB_Video_Awareness_1,649.8358215680163,13232,424,USD
2024-01-03,FB_Video_Awareness_2,188.43884715277474,6784,65,GBP
2024-01-04,FB_Video_Awareness_0,271.45871691523257,5583,178,GBP
2024-01-05,FB_Video_Awareness_1,645.055443610878,6946,112,GBP
2024-01-06,FB_Video_Awareness_2,188.92133491055725,5941,158,USD
2024-01-07,FB_Video_Awareness_0,738.314366878533,7267,424,GBP
2024-01-08,FB_Video_Awareness_1,368.3955688972714,8128,70,USD
2024-01-09,FB_Video_Awareness_2,115.27922194074398,12889,207,GBP
2024-01-10,FB_Video_Awareness_0,661.8114826282107,12029,318,USD
2024-01-11,FB_Video_Awareness_1,330.13226227879073,13275,211,GBP
2024-01-12,FB_Video_Awareness_2,444.87439561533574,3461,309,EUR
2024-01-13,FB_Video_Awareness_0,134.22825830841438,12435,461,GBP
2024-01-14,FB_Video_Awareness_1,51.93801113373679,12551,151,GBP
2024-01-15,FB_Video_Awareness_2,528.4889043449732,1685,272,USD
2024-01-16,FB_Video_Awareness_0,436.3813777502987,3160,108,USD
2024-01-17,FB_Video_Awareness_1,495.15392684236036,8031,296,GBP
2024-01-18,FB_Video_Awareness_2,645.3078877853873,13180,177,EUR
2024-01-19,FB_Video_Awareness_0,534.9544350671451,13258,332,EUR
2024-01-20,FB_Video_Awareness_1,181.08008212053286,10759,374,USD
